_time,attach_disposition{},attach_filename{},attach_size_decoded{},attach_size{},attach_transfer_encoding{},attach_type{},bytes,bytes_in,bytes_out,content{},endtime,host,index,linecount,punct,source,sourcetype,splunk_server,timestamp
2018-08-20T19:49:35.131+0430,inline,1534778082419.png,87446,119666,base64,image/png,133287,133250,37,"DKIM-Signature: v=1; a=rsa-sha256; c=relaxed/relaxed;
 d=frothly.onmicrosoft.com; s=selector1-froth-ly;
 h=From:Date:Subject:Message-ID:Content-Type:MIME-Version:X-MS-Exchange-SenderADCheck;
 bh=hDfO2Yd4Il8ai59HwzJF3R11aaua1PVDOp+qnqIAxJ4=;
 b=Tsj9YPYR7HyQuqgXqO5tY1xU8n7UHoOUeW/hgycRpRoUWAbWc897GNqjjgX5it9BZj5f0fZx7/o5fgcsavyAOMdUk7E/Xk79rBAETEczoaAjnyHuEQPzGA7JyYhS2UuqksOkyg66OI2fpzA0h/JE+DtE9VFXlAO/33M450Vf+2g=
Received: from MWHPR17MB1247.namprd17.prod.outlook.com (10.173.103.21) by
 MWHPR17MB1326.namprd17.prod.outlook.com (10.173.104.8) with Microsoft SMTP
 Server (version=TLS1_2, cipher=TLS_ECDHE_RSA_WITH_AES_256_GCM_SHA384) id
 15.20.995.17; Fri, 14 Sep 2018 11:25:42 +0000
Received: from MWHPR17MB1247.namprd17.prod.outlook.com
 ([fe80::74b3:5d25:4f24:72ba]) by MWHPR17MB1247.namprd17.prod.outlook.com
 ([fe80::74b3:5d25:4f24:72ba%3]) with mapi id 15.20.0995.014; Thu, 26 Jul 2018
 19:13:24 +0000
From: Grace Hoppy <ghoppy@froth.ly>
To: Bud Stoll <bstoll@froth.ly>
CC: Billy Tun <btun@froth.ly>, Jeremiah Wortoski <jwortoski@froth.ly>
Subject: Fw: All your datas belong to us
Thread-Topic: All your datas belong to us
Thread-Index: AQHUJRQW1hJ8hP1KcEC92Tnghc69laSh3ray
Importance: high
X-Priority: 1
Date: Fri, 14 Sep 2018 11:25:42 +0000
Message-ID:
 <MWHPR17MB124780ACE6F28E61609F84EABF2B0@MWHPR17MB1247.namprd17.prod.outlook.com>
References: <37813f2ca96f31cccfa1873a5e41592@cweb26.nm.nhnsystem.com>
In-Reply-To: <37813f2ca96f31cccfa1873a5e41592@cweb26.nm.nhnsystem.com>
Accept-Language: en-US
Content-Language: en-US
X-MS-Has-Attach: yes
X-MS-TNEF-Correlator:
authentication-results: spf=none (sender IP is )
 smtp.mailfrom=ghoppy@froth.ly; 
x-originating-ip: [2600:1010:b025:8c13:3c23:2a22:5940:8bec]
x-ms-publictraffictype: Email

x-microsoft-exchange-diagnostics:
 1;MWHPR17MB1326;6:q2mJ7lkl2U8StwyTfMW6Qei0dXarxqJt8Op0KiHuyMNnhCU4WZBvJhAkpzJItwcotirNipqZe2afrsgjM7+1p3Qz2AXoxQq7goXCS2iNcMhS0PXXDDXFyFvMcTBHJLp32ZDRSzqovcSluTks/X/YTj0MC5izQxi5ZBysfM9SIQwSZSff6/yiUtQWyKrApb9ZsY8npFFeacVk/QhKyH4pEtWjJLxpONlvX4pvDYnvs0vVy/7Iq26EaNDpCGSo58p6LhVdTU5rxkakz2A4McbYdFEqCUv7KaVzK/cvDcjD+FNwtvq+L9/4lv0KUn/HSdaqZPWmFlP47zVuYhep/o251KMePdR+QbJ4TQCJ6MMcK9rLpY7Md0tKzKy8KP+H70cuIUEjJf9kShWyrxUfK9tXRqNZtEiMYFwwJROK8f90by+qinVf1ApnGC2+RoFlhOhtccnwL7LtXdXypsTLBo3JKA==;5:Wb0Cq1R8jMjwBtL21Oo6Yl9xq/26/Nltjqh4oNaxloeawyrXReqccdCGk+SZwkS9wSGIpkw7fBsWRb+9lj7AdjExXAfJozbElkBSHu+Wlk5wZGg9c5RkIBUbZWWJfBJ68t52uhkCLb/o4DQrLqgANd1BdHQLiEr9z3KDkHhUxAg=;7:AKYxcI+Gyd+x1nlzKbuY316JWjM73Xl0AUoZBpfEf3mhl46GO555rOUp8jMA6bbXq1RfetVlclholh+TjXbuP17l9/rkEIa+zyfoxH3JkLLrL737DR9Sx8rp1Iwc33TrHQg/8D0FcDjzwHSuELO0cESwRbQk97R5tqiEteZyy4JED+oj0JenLweBURiXmDq97rMVJhiNvniPYXP+oPzbsGpxUxHDghuVnubGa7J5vN8VF2iXcX7xNeTjBy+sGU5i
x-ms-exchange-antispam-srfa-diagnostics: SOS;SOR;
x-ms-office365-filtering-correlation-id: 6aaa635b-ac35-4fff-c737-08d5f32bdbf0
x-microsoft-antispam:
 BCL:0;PCL:0;RULEID:(7020095)(4652040)(8989117)(5600073)(711020)(2017052603328)(7153060)(49563074)(7193020);SRVR:MWHPR17MB1326;
x-ms-traffictypediagnostic: MWHPR17MB1326:
x-ms-exchange-transport-rules-loop: 1
x-microsoft-antispam-prvs:
 <MWHPR17MB1326D47FD132734084DF8326BF2B0@MWHPR17MB1326.namprd17.prod.outlook.com>
x-exchange-antispam-report-test: UriScan:(254630465236479);
x-ms-exchange-senderadcheck: 1
x-exchange-antispam-report-cfa-test:
 BCL:0;PCL:0;RULEID:(102415395)(6040522)(2401047)(5005006)(8121501046)(10201501046)(93006095)(93001095)(3231311)(944501410)(52105095)(3002001)(149027)(150027)(6041310)(20161123562045)(20161123560045)(20161123564045)(20161123558120)(2016111802025)(201703131423095)(201703011903075)(201702281528075)(20161123555045)(201703061421075)(6072148)(6043046)(201708071742011)(7699016);SRVR:MWHPR17MB1326;BCL:0;PCL:0;RULEID:;SRVR:MWHPR17MB1326;
x-forefront-prvs: 07459438AA

x-forefront-antispam-report:
 SFV:NSPM;SFS:(10009020)(7966004)(346002)(376002)(366004)(136003)(396003)(39850400004)(189003)(199004)(97736004)(105586002)(99936001)(68736007)(508600001)(606006)(966005)(5660300001)(55016002)(6116002)(6306002)(54896002)(106356001)(2473003)(9686003)(54556002)(236005)(6436002)(6862004)(25786009)(107886003)(4326008)(14454004)(19627405001)(33656002)(53936002)(733005)(46003)(446003)(11346002)(74316002)(7696005)(7736002)(76176011)(102836004)(316002)(81686011)(53546011)(6506007)(54906003)(86362001)(8936002)(476003)(2900100001)(5250100002)(6636002)(6606003)(229853002)(8676002)(256004)(99286004)(81156014)(81166006)(486006)(2906002)(74482002)(10126625002);DIR:OUT;SFP:1101;SCL:1;SRVR:MWHPR17MB1326;H:MWHPR17MB1247.namprd17.prod.outlook.com;FPR:;SPF:None;LANG:en;PTR:InfoNoRecords;MX:1;A:0;
received-spf: None (protection.outlook.com: froth.ly does not designate
 permitted sender hosts)
x-microsoft-antispam-message-info:
 RZfOTD4Ode9oU/ODIOMkg8dbOdutz5yw7gEn3OP2DNiWsheZfD7QP2UBoPzqDqC93uVnBi0Pem5ZqcHo/Msd+BGYOeV/M9oeOUh8bPcl+ddbf+RO7JQHXq1iO8UpMxWW1R+4GT/04t++8WosrpmEeAtKBMhOmf4fVOV4TbK1LoT+T86ErI79vXFAYPVAOFnINs/4dJHKc8IrdbgtRMlJXT2uvRNCzs15oFi+7dELASVxRhnPr7NnaJt+b4pcm+k5g7MTBrQhQakyt77qPYZjIN83LPpJweAxpovbs6lZszOMoYEE9lxzss98CzoTaStDM1on8j38vNrergMhAL64P8lTc8/d7mv/HJjkAoPVsuQ=
spamdiagnosticoutput: 1:99
spamdiagnosticmetadata: NSPM
Content-Type: multipart/related;
	boundary=""_004_MWHPR17MB124780ACE6F28E61609F84EABF2B0MWHPR17MB1247namp_"";
	type=""multipart/alternative""
MIME-Version: 1.0
X-OriginatorOrg: froth.ly
X-MS-Exchange-CrossTenant-Network-Message-Id: 6aaa635b-ac35-4fff-c737-08d5f32bdbf0
X-MS-Exchange-CrossTenant-originalarrivaltime: 14 Sep 2018 11:25:42.1335
 (UTC)
X-MS-Exchange-CrossTenant-fromentityheader: Hosted
X-MS-Exchange-CrossTenant-id: 225e05a1-5914-4688-a404-7030e60f3143
X-MS-Exchange-Transport-CrossTenantHeadersStamped: MWHPR17MB1326


--_004_MWHPR17MB124780ACE6F28E61609F84EABF2B0MWHPR17MB1247namp_

Content-Type: multipart/alternative;
	boundary=""_000_MWHPR17MB124780ACE6F28E61609F84EABF2B0MWHPR17MB1247namp_""


--_000_MWHPR17MB124780ACE6F28E61609F84EABF2B0MWHPR17MB1247namp_

Content-Type: text/plain; charset=""iso-8859-1""
Content-Transfer-Encoding: quoted-printable


Bud,

 Uh... WTF ?!?!?

Billy,
 Is this real?

Jeremiah,
 Are these our customers?

GH

________________________________
From: HyunKi Kim <hyunki1984@naver.com>
Sent: Thursday, July 26, 2018 12:08 PM
To: Grace Hoppy
Subject: All your datas belong to us


Gracie,

       We brought your data and imported it: https://pastebin.com/sdBUkwsE =
Also, you should not be too hard Bruce. He good man

[https://pastebin.com/i/facebook.png]<https://pastebin.com/sdBUkwsE>

( ) ) ) - Pastebin.com<https://pastebin.com/sdBUkwsE>
pastebin.com






[cid:795e1cc341020882f2e76352168cb@cweb10.nm.nhnsystem.com]





[https://mail.naver.com/readReceipt/notify/?img=3DMweG1rl9D62qhAndaAvwFq2wK=
rMZMrulF4MqK6FoMrpCKx2XKru9pxtwFxvZtzFXp6UZFSl5WLl51zlqDBFdp6d5MreRhoRN1zem=
bH0gpNiT%2Bz25WHv%3D.gif]

--_000_MWHPR17MB124780ACE6F28E61609F84EABF2B0MWHPR17MB1247namp_

Content-Type: text/html; charset=""iso-8859-1""
Content-Transfer-Encoding: quoted-printable


<html>
<head>
<meta http-equiv=3D""Content-Type"" content=3D""text/html; charset=3Diso-8859-=
1"">
<style type=3D""text/css"" style=3D""display:none;""><!-- P {margin-top:0;margi=
n-bottom:0;} --></style>
</head>
<body dir=3D""ltr"">
<div id=3D""divtagdefaultwrapper"" style=3D""font-size:12pt;color:#000000;font=
-family:Calibri,Helvetica,sans-serif;"" dir=3D""ltr"">
<p style=3D""margin-top:0;margin-bottom:0"">Bud,</p>
<p style=3D""margin-top:0;margin-bottom:0"">&nbsp;Uh... WTF ?!?!?</p>
<div><br>
</div>
Billy,
<div>&nbsp;Is this real?
<div><br>
</div>
<div>Jeremiah,</div>
<div>&nbsp;Are these our customers?<br>
<br>
GH</div>
<div><br>
<div style=3D""color: rgb(0, 0, 0);"">
<hr style=3D""display:inline-block; width:98%"" tabindex=3D""-1"">
<div id=3D""divRplyFwdMsg"" dir=3D""ltr""><font face=3D""Calibri, sans-serif"" co=
lor=3D""#000000"" style=3D""font-size:11pt""><b>From:</b> HyunKi Kim &lt;hyunki=
1984@naver.com&gt;<br>
<b>Sent:</b> Thursday, July 26, 2018 12:08 PM<br>
<b>To:</b> Grace Hoppy<br>
<b>Subject:</b> All your datas belong to us</font>
<div>&nbsp;</div>
</div>
<meta content=3D""text/html; charset=3Dutf-8"">
<div>
<div style=3D""font-size:10pt; font-family:Gulim,sans-serif"">
<p><span style=3D""color:rgb(34,34,34); font-family:arial,sans-serif; font-s=
ize:16px; background-color:rgb(245,245,245)"">Gracie,</span><br style=3D""col=
or:rgb(34,34,34); font-family:arial,sans-serif; font-size:16px; background-=
color:rgb(245,245,245)"">
<br style=3D""color:rgb(34,34,34); font-family:arial,sans-serif; font-size:1=
6px; background-color:rgb(245,245,245)"">
<span style=3D""color:rgb(34,34,34); font-fa",2018-08-20T15:19:35.131703Z,matar,botsv3,1,"{"""":""--::."","""":""--::."","""":[""""],"""":["".""],"""":[],"""":[",stream:smtp,stream:smtp,DESKTOP-QO3285F,2018-08-20T15:19:34.777033Z
